{
  "advisory_identifier": "SA87735",
  "aggregate_severity": "",
  "criticality": 4,
  "criticality_description": "Less critical",
  "custom_info": {
    "related_tickets": []
  },
  "cve_str_list": "CVE-2019-4027 CVE-2019-4028",
  "cvss3_info": {
    "cvss_base_score": 6.1,
    "cvss_overall_score": 5.6,
    "cvss_vector": "CVSS:3.0/AV:N/AC:L/PR:N/UI:R/S:C/C:L/I:L/A:N/E:U/RL:U/RC:C"
  },
  "cvss3_score": "6.1",
  "cvss3_vector": "CVSS:3.0/AV:N/AC:L/PR:N/UI:R/S:C/C:L/I:L/A:N/E:U/RL:U/RC:C",
  "cvss_info": {
    "cvss_base_score": 0,
    "cvss_overall_score": 0,
    "cvss_vector": ""
  },
  "cvss_score": "0.0",
  "cvss_score_ui": "6.1",
  "cvss_vector": "",
  "description": "Multiple vulnerabilities have been reported in IBM Sterling B2B Integrator, which can be exploited by malicious people to conduct cross-site scripting attacks.\r\n\r\n1) Certain unspecified input is not properly sanitised before being returned to the user. This can be exploited to execute arbitrary HTML and script code in a user's browser session in context of an affected site.\r\n\r\n2) Certain unspecified input is not properly sanitised before being returned to the user. This can be exploited to execute arbitrary HTML and script code in a user's browser session in context of an affected site.\r\n\r\nThe vulnerabilities are reported in versions 5.x.",
  "extended_description": "",
  "extended_solution": "",
  "id": 215177,
  "impact": [
    {
      "id": 9,
      "name": "Cross Site Scripting"
    }
  ],
  "impact_description": "Cross Site Scripting",
  "is_zero_day": false,
  "modified_date": "2019-03-01T13:35:05Z",
  "poc_files": [],
  "products": [
    {
      "cpes": [
        {
          "modification_date": "2018-11-15T00:00:00Z",
          "name": "cpe:/a:ibm:sterling_b2b_integrator:5.2.6.0",
          "nvd_id": "389145"
        },
        {
          "modification_date": "2018-11-15T00:00:00Z",
          "name": "cpe:/a:ibm:sterling_b2b_integrator:5.2.6.1",
          "nvd_id": "389146"
        },
        {
          "modification_date": "2013-04-15T00:00:00Z",
          "name": "cpe:/a:ibm:sterling_b2b_integrator:5.2",
          "nvd_id": "193563"
        },
        {
          "modification_date": "2018-11-15T00:00:00Z",
          "name": "cpe:/a:ibm:sterling_b2b_integrator:5.2.6.2",
          "nvd_id": "389147"
        },
        {
          "modification_date": "2018-11-15T00:00:00Z",
          "name": "cpe:/a:ibm:sterling_b2b_integrator:5.2.6.3",
          "nvd_id": "389148"
        },
        {
          "modification_date": "2015-01-28T00:00:00Z",
          "name": "cpe:/a:ibm:sterling_b2b_integrator:5.2.2",
          "nvd_id": "289574"
        },
        {
          "modification_date": "2015-01-28T00:00:00Z",
          "name": "cpe:/a:ibm:sterling_b2b_integrator:5.2.1",
          "nvd_id": "289575"
        },
        {
          "modification_date": "2013-08-12T00:00:00Z",
          "name": "cpe:/a:ibm:sterling_b2b_integrator:5.0",
          "nvd_id": "199207"
        },
        {
          "modification_date": "2017-04-07T00:00:00Z",
          "name": "cpe:/a:ibm:sterling_b2b_integrator:5.2.5",
          "nvd_id": "338762"
        },
        {
          "modification_date": "2017-04-07T00:00:00Z",
          "name": "cpe:/a:ibm:sterling_b2b_integrator:5.2.6",
          "nvd_id": "338763"
        },
        {
          "modification_date": "2013-07-12T00:00:00Z",
          "name": "cpe:/a:ibm:sterling_b2b_integrator:5.2.4",
          "nvd_id": "197019"
        },
        {
          "modification_date": "2013-07-12T00:00:00Z",
          "name": "cpe:/a:ibm:sterling_b2b_integrator:5.1",
          "nvd_id": "197032"
        }
      ],
      "has_cpe": true,
      "id": "73265",
      "is_os": false,
      "name": "IBM Sterling B2B Integrator 5.x"
    }
  ],
  "provided_by": "1 and 2) Reported by the vendor.",
  "reason_for_rating": "",
  "references": [
    {
      "description": "IBM (IT27458, IT27878, IT27461, IT27881)",
      "internal_type": 1,
      "ordinal": 1,
      "url": "https://www.ibm.com/support/docview.wss?uid=ibm10874246"
    }
  ],
  "released": "2019-03-01T13:35:05Z",
  "revisions": [
    {
      "description": "Initial release",
      "number": "1.0",
      "release_date": "2019-03-01T13:35:05Z"
    }
  ],
  "solution": "Upgrade to version 6.0.0.1.",
  "solution_status": 1,
  "solution_status_description": "No Fix",
  "title": "IBM Sterling B2B Integrator Multiple Cross-Site Scripting Vulnerabilities",
  "type": 0,
  "vulnerabilities": [
    {
      "cve": "CVE-2019-4027",
      "cve_info": {
        "cvss3_score": null,
        "cvss3_vector": null,
        "cvss_score": null,
        "cvss_vector": null,
        "description": "** RESERVED ** This candidate has been reserved by an organization or individual that will use it when announcing a new security problem.  When the candidate has been publicized, the details for this candidate will be provided.",
        "disclaimer": "The text and information for the CVE is written and maintained by CVE MITRE and reflects neither the opinions of Secunia or the results of our research. http://cve.mitre.org/",
        "opt_name": "CVE-2019-4027",
        "opt_type": "Candidate",
        "reference": "2019-4027",
        "references": [],
        "source": "CVE",
        "update_flag": 3
      },
      "cvss_info": null,
      "description": "",
      "ordinal": 1,
      "products": [],
      "title": "CVE-2019-4027"
    },
    {
      "cve": "CVE-2019-4028",
      "cve_info": {
        "cvss3_score": null,
        "cvss3_vector": null,
        "cvss_score": null,
        "cvss_vector": null,
        "description": "** RESERVED ** This candidate has been reserved by an organization or individual that will use it when announcing a new security problem.  When the candidate has been publicized, the details for this candidate will be provided.",
        "disclaimer": "The text and information for the CVE is written and maintained by CVE MITRE and reflects neither the opinions of Secunia or the results of our research. http://cve.mitre.org/",
        "opt_name": "CVE-2019-4028",
        "opt_type": "Candidate",
        "reference": "2019-4028",
        "references": [],
        "source": "CVE",
        "update_flag": 3
      },
      "cvss_info": null,
      "description": "",
      "ordinal": 2,
      "products": [],
      "title": "CVE-2019-4028"
    }
  ],
  "where": 1,
  "where_description": "From remote"
}
