{
  "definitions": {},
  "$schema": "http://json-schema.org/draft-07/schema#",
  "$id": "http://example.com/root.json",
  "type": "object",
  "title": "The Root Schema",
  "required": [
    "id",
    "advisory_identifier",
    "title",
    "aggregate_severity",
    "where",
    "where_description",
    "criticality",
    "criticality_description",
    "impact",
    "impact_description",
    "solution_status",
    "solution_status_description",
    "cvss_info",
    "cvss_score",
    "cvss_vector",
    "cvss3_info",
    "cvss3_score",
    "cvss3_vector",
    "cvss_score_ui",
    "description",
    "extended_description",
    "solution",
    "extended_solution",
    "reason_for_rating",
    "provided_by",
    "released",
    "modified_date",
    "references",
    "revisions",
    "poc_files",
    "products",
    "vulnerabilities",
    "is_zero_day",
    "cve_str_list"
  ],
  "properties": {
    "id": {
      "$id": "#/properties/id",
      "type": "integer",
      "title": "The Id Schema",
      "default": 0,
      "examples": [
        205407
      ]
    },
    "advisory_identifier": {
      "$id": "#/properties/advisory_identifier",
      "type": "string",
      "title": "The Advisory_identifier Schema",
      "default": "",
      "examples": [
        "SA76238"
      ],
      "pattern": "SA([0-9]{1,7})"
    },
    "title": {
      "$id": "#/properties/title",
      "type": "string",
      "title": "The Title Schema",
      "default": "",
      "examples": [
        "Microsoft Windows 10 Multiple Vulnerabilities"
      ],
      "pattern": "^(.*)$"
    },
    "aggregate_severity": {
      "$id": "#/properties/aggregate_severity",
      "type": "string",
      "title": "The Aggregate_severity Schema - always empty for now",
      "default": "",
      "examples": [
        ""
      ],
      "pattern": "^(.*)$"
    },
    "where": {
      "$id": "#/properties/where",
      "type": "integer",
      "title": "The Where Schema",
      "default": 0,
      "examples": [
        0, 1, 2, 3
      ]
    },
    "where_description": {
      "$id": "#/properties/where_description",
      "type": "string",
      "title": "The Where_description Schema",
      "default": "None",
      "examples": [
        "None", "From remote", "From local network", "Local system"
      ],
      "pattern": "^(.*)$"
    },
    "criticality": {
      "$id": "#/properties/criticality",
      "type": "integer",
      "title": "The Criticality Schema",
      "default": 0,
      "examples": [
        0, 1, 2, 3, 4, 5
      ]
    },
    "criticality_description": {
      "$id": "#/properties/criticality_description",
      "type": "string",
      "title": "The Criticality_description Schema",
      "default": "",
      "examples": [
        "Rejected", "Extremely critical", "Highly critical", "Moderately critical", "Less critical", "Not critical"
      ],
      "pattern": "^(.*)$"
    },
    "impact": {
      "$id": "#/properties/impact",
      "type": "array",
      "title": "The Impact Schema",
      "items": {
        "$id": "#/properties/impact/items",
        "type": "object",
        "title": "The Items Schema",
        "required": [
          "id",
          "name"
        ],
        "properties": {
          "id": {
            "$id": "#/properties/impact/items/properties/id",
            "type": "integer",
            "title": "The Id Schema",
            "default": 0,
            "examples": [
              1, 2, 3, 4, 5, 6, 7, 8, 9, 10, 11, 12
            ]
          },
          "name": {
            "$id": "#/properties/impact/items/properties/name",
            "type": "string",
            "title": "The Name Schema",
            "default": "",
            "examples": [
              "System access", "DoS", "Privilege escalation", "Exposure of sensitive information", "Exposure of system information", "Brute force", "Manipulation of data", "Spoofing", "Cross Site Scripting", "Security Bypass", "Hijacking", "Unknown"
            ],
            "pattern": "^(.*)$"
          }
        }
      }
    },
    "impact_description": {
      "$id": "#/properties/impact_description",
      "type": "string",
      "title": "The Impact_description Schema - string concatenation of the impact types",
      "default": "",
      "examples": [
        "Security Bypass, Exposure of sensitive information, Privilege escalation, DoS, System access"
      ],
      "pattern": "^(.*)$"
    },
    "solution_status": {
      "$id": "#/properties/solution_status",
      "type": "integer",
      "title": "The Solution_status Schema",
      "default": 0,
      "examples": [
        0, 1, 2, 3, 4
      ]
    },
    "solution_status_description": {
      "$id": "#/properties/solution_status_description",
      "type": "string",
      "title": "The Solution_status_description Schema",
      "default": "",
      "examples": [
        "None", "No Fix", "Vendor Patched", "Vendor Workaround", "Partial Fix"
      ],
      "pattern": "^(.*)$"
    },
    "cvss_info": {
      "$id": "#/properties/cvss_info",
      "type": "object",
      "title": "The Cvss_info Schema - CVSS v2",
      "required": [
        "cvss_base_score",
        "cvss_overall_score",
        "cvss_vector"
      ],
      "properties": {
        "cvss_base_score": {
          "$id": "#/properties/cvss_info/properties/cvss_base_score",
          "type": "integer",
          "title": "The Cvss_base_score Schema",
          "default": 0,
          "examples": [
            10, 0
          ]
        },
        "cvss_overall_score": {
          "$id": "#/properties/cvss_info/properties/cvss_overall_score",
          "type": "number",
          "title": "The Cvss_overall_score Schema",
          "default": 0.0,
          "examples": [
            8.3, 0
          ]
        },
        "cvss_vector": {
          "$id": "#/properties/cvss_info/properties/cvss_vector",
          "type": "string",
          "title": "The Cvss_vector Schema",
          "default": "",
          "examples": [
            "(AV:N/AC:L/Au:N/C:C/I:C/A:C/E:F/RL:OF/RC:C)", ""
          ],
          "pattern": "^(.*)$"
        }
      }
    },
    "cvss_score": {
      "$id": "#/properties/cvss_score",
      "type": "string",
      "title": "The Cvss_score Schema - CVSS v2",
      "default": "",
      "examples": [
        "10.0"
      ],
      "pattern": "^(.*)$"
    },
    "cvss_vector": {
      "$id": "#/properties/cvss_vector",
      "type": "string",
      "title": "The Cvss_vector Schema - CVSS v2",
      "default": "",
      "examples": [
        "(AV:N/AC:L/Au:N/C:C/I:C/A:C/E:F/RL:OF/RC:C)"
      ],
      "pattern": "^(.*)$"
    },
    "cvss3_info": {
      "$id": "#/properties/cvss3_info",
      "type": "object",
      "title": "The Cvss3_info Schema - CVSS v3",
      "required": [
        "cvss_base_score",
        "cvss_overall_score",
        "cvss_vector"
      ],
      "properties": {
        "cvss_base_score": {
          "$id": "#/properties/cvss3_info/properties/cvss_base_score",
          "type": "integer",
          "title": "The Cvss_base_score Schema",
          "default": 0,
          "examples": [
            0, 8.8
          ]
        },
        "cvss_overall_score": {
          "$id": "#/properties/cvss3_info/properties/cvss_overall_score",
          "type": "integer",
          "title": "The Cvss_overall_score Schema",
          "default": 0,
          "examples": [
            0, 7.7
          ]
        },
        "cvss_vector": {
          "$id": "#/properties/cvss3_info/properties/cvss_vector",
          "type": "string",
          "title": "The Cvss_vector Schema",
          "default": "",
          "examples": [
            "", "CVSS:3.0/AV:A/AC:L/PR:N/UI:N/S:U/C:H/I:H/A:H/E:U/RL:O/RC:C"
          ],
          "pattern": "^(.*)$"
        }
      }
    },
    "cvss3_score": {
      "$id": "#/properties/cvss3_score",
      "type": "string",
      "title": "The Cvss3_score Schema - CVSS v3",
      "default": "",
      "examples": [
        "0.0", "8.8"
      ],
      "pattern": "^(.*)$"
    },
    "cvss3_vector": {
      "$id": "#/properties/cvss3_vector",
      "type": "string",
      "title": "The Cvss3_vector Schema - CVSS v3",
      "default": null,
      "examples": [
        null, "", "CVSS:3.0/AV:A/AC:L/PR:N/UI:N/S:U/C:H/I:H/A:H/E:U/RL:O/RC:C"
      ]
    },
    "cvss_score_ui": {
      "$id": "#/properties/cvss_score_ui",
      "type": "string",
      "title": "The Cvss_score_ui Schema- it's the CVSS v3 if it exists, otherwise CVSS v2; for UI display, they don't have same meaning",
      "default": "",
      "examples": [
        "10.0"
      ],
      "pattern": "^(.*)$"
    },
    "description": {
      "$id": "#/properties/description",
      "type": "string",
      "title": "The Description Schema",
      "default": "",
      "examples": [
        "Multiple vulnerabilities have been reported in Microsoft Windows, which can be exploited by malicious, local users in a guest virtual machine to cause a DoS (Denial of Service) and gain escalated privileges, by malicious, local users to disclose potentially sensitive information and gain escalated privileges, by malicious users to cause a DoS, and by malicious people to bypass certain security restrictions, cause a DoS, and compromise a vulnerable system.\r\n\r\nFor more information:\r\nSA55631 (#1)\r\nSA73900 (#1, #2, and #4 through #24)\r\n\r\n1) An error related to the IEETWCollector can be exploited to delete arbitrary directories and subsequently gain elevated privileges."
      ],
      "pattern": "^(.*)$"
    },
    "extended_description": {
      "$id": "#/properties/extended_description",
      "type": "string",
      "title": "The Extended_description Schema - only in older advisories (prior to 2013)",
      "default": "",
      "examples": [
        "1) Novell GroupWise includes the GroupWise Internet Agent (GWIA), which is responsible for exchanging e-mail messages between GroupWise and the Internet via e.g. IMAP4, POP3, and SMTP. The GroupWise Internet Agent also provides the option of installing a web console (port 9850/tcp), allowing authenticated users to monitor GWIA via a web browser.\r\n\r\nGWIA (gwia.exe) includes a custom function used to append data to an existing destination buffer. When called, the function performs the following calculation: \"length of existing data in destination buffer + length of data to copy + 1\" and compares the result to the buffer size in order to evaluate if the total data size is overly large. If so, the buffer is reallocated; if not, the data is appended to the existing data in the buffer. However, as the calculation is prone to an integer overflow, the check to reallocate the buffer may be bypassed"
      ],
      "pattern": "^(.*)$"
    },
    "solution": {
      "$id": "#/properties/solution",
      "type": "string",
      "title": "The Solution Schema",
      "default": "",
      "examples": [
        "Apply update.\r\n\r\nWindows 10 Version 1607 for x64-based Systems (KB4015217):\r\nhttps://catalog.update.microsoft.com/v7/site/Search.aspx?q=KB4015217\r\n\r\nWindows 10 Version 1511 for x64-based Systems (KB4015219):\r\nhttps://catalog.update.microsoft.com/v7/site/Search.aspx?q=KB4015219\r\n\r\nWindows 10 for x64-based Systems (KB4015221):\r\nhttps://catalog.update.microsoft.com/v7/site/Search.aspx?q=KB4015221\r\n\r\nWindows 10 Version 1703 for x64-based Systems (KB4015583):\r\nhttps://catalog.update.microsoft.com/v7/site/Search.aspx?q=KB4015583\r\n\r\nWindows 10 for 32-bit Systems (KB4015221):\r\nhttps://catalog.update.microsoft.com/v7/site/Search.aspx?q=KB4015221\r\n\r\nWindows 10 Version 1511 for 32-bit Systems (KB4015219):\r\nhttps://catalog.update.microsoft.com/v7/site/Search.aspx?q=KB4015219\r\n\r\nWindows 10 Version 1607 for 32-bit Systems (KB4015217):\r\nhttps://catalog.update.microsoft.com/v7/site/Search.aspx?q=KB4015217\r\n\r\nWindows 10 Version 1703 for 32-bit Systems (KB4015583):\r\nhttps://catalog.update.microsoft.com/v7/site/Search.aspx?q=KB4015583\r\n\r\nNote: Security updates for Windows 10 are available via e.g. Windows Update or Windows Update Catalog only."
      ],
      "pattern": "^(.*)$"
    },
    "extended_solution": {
      "$id": "#/properties/extended_solution",
      "type": "string",
      "title": "The Extended_solution Schema",
      "default": "",
      "examples": [
        "Set password for Root account."
      ],
      "pattern": "^(.*)$"
    },
    "reason_for_rating": {
      "$id": "#/properties/reason_for_rating",
      "type": "string",
      "title": "The Reason_for_rating Schema",
      "default": "",
      "examples": [
        "The proposed exploitation scenario requires access to an affected product with privileges to access trace files, which would be granted to trusted users solely according to security best practices and thus the gain for such trusted users is considered as too weak."
      ],
      "pattern": "^(.*)$"
    },
    "provided_by": {
      "$id": "#/properties/provided_by",
      "type": "string",
      "title": "The Provided_by Schema",
      "default": "",
      "examples": [
        "1) James Forshaw, Google Project Zero."
      ],
      "pattern": "^(.*)$"
    },
    "released": {
      "$id": "#/properties/released",
      "type": "string",
      "title": "The Released Schema - datetime, when the advisory was first released",
      "default": "",
      "examples": [
        "2017-04-11T22:41:56Z"
      ],
      "pattern": "^(.*)$"
    },
    "modified_date": {
      "$id": "#/properties/modified_date",
      "type": "string",
      "title": "The Modified_date Schema - datetime, when the advisory was last modified",
      "default": "",
      "examples": [
        "2017-04-19T18:13:41Z"
      ],
      "pattern": "^(.*)$"
    },
    "references": {
      "$id": "#/properties/references",
      "type": "array",
      "title": "The References Schema",
      "items": {
        "$id": "#/properties/references/items",
        "type": "object",
        "title": "The Items Schema",
        "required": [
          "description",
          "internal_type",
          "url",
          "ordinal"
        ],
        "properties": {
          "description": {
            "$id": "#/properties/references/items/properties/description",
            "type": "string",
            "title": "The Description Schema",
            "default": "",
            "examples": [
              "SA55631"
            ],
            "pattern": "^(.*)$"
          },
          "internal_type": {
            "$id": "#/properties/references/items/properties/internal_type",
            "type": "integer",
            "title": "The Internal_type Schema - 0 reference, 1 original advisory",
            "default": 0,
            "examples": [
              0, 1
            ]
          },
          "url": {
            "$id": "#/properties/references/items/properties/url",
            "type": "string",
            "title": "The Url Schema",
            "default": "",
            "examples": [
              "http://localhost:8000/#/vt/advisory-database/advisories/?advisory_id=SA55631"
            ],
            "pattern": "^(.*)$"
          },
          "ordinal": {
            "$id": "#/properties/references/items/properties/ordinal",
            "type": "integer",
            "title": "The Ordinal Schema",
            "default": 0,
            "examples": [
              1
            ]
          }
        }
      }
    },
    "revisions": {
      "$id": "#/properties/revisions",
      "type": "array",
      "title": "The Revisions Schema - changes to the advisory",
      "items": {
        "$id": "#/properties/revisions/items",
        "type": "object",
        "title": "The Items Schema",
        "required": [
          "release_date",
          "description",
          "number"
        ],
        "properties": {
          "release_date": {
            "$id": "#/properties/revisions/items/properties/release_date",
            "type": "string",
            "title": "The Release_date Schema - datetime",
            "default": "",
            "examples": [
              "2017-04-19T00:00:00Z"
            ],
            "pattern": "^(.*)$"
          },
          "description": {
            "$id": "#/properties/revisions/items/properties/description",
            "type": "string",
            "title": "The Description Schema",
            "default": "",
            "examples": [
              "Updated vulnerability #1 with additional information. Updated the \"Description\" section. Updated credits. Added link to the \"Original Advisory\" section."
            ],
            "pattern": "^(.*)$"
          },
          "number": {
            "$id": "#/properties/revisions/items/properties/number",
            "type": "string",
            "title": "The Number Schema - minor releases are x.y, where y > 1, major releases are x.0; the minor releases might include text changes, reference changes; major releases might include product list changes etc.",
            "default": "",
            "examples": [
              "1", "1.1", "2"
            ],
            "pattern": "^(.*)$"
          }
        }
      }
    },
    "poc_files": {
      "$id": "#/properties/poc_files",
      "type": "array",
      "title": "The Poc_files Schema - proof of concept files, for older advisories"
    },
    "products": {
      "$id": "#/properties/products",
      "type": "array",
      "title": "The Products Schema",
      "items": {
        "$id": "#/properties/products/items",
        "type": "object",
        "title": "The Items Schema",
        "required": [
          "id",
          "is_os",
          "name",
          "has_cpe",
          "cpes"
        ],
        "properties": {
          "id": {
            "$id": "#/properties/products/items/properties/id",
            "type": "string",
            "title": "The Id Schema",
            "default": "",
            "examples": [
              "44133"
            ],
            "pattern": "^(.*)$"
          },
          "is_os": {
            "$id": "#/properties/products/items/properties/is_os",
            "type": "boolean",
            "title": "The Is_os Schema - is operating system",
            "default": false,
            "examples": [
              true, false
            ]
          },
          "name": {
            "$id": "#/properties/products/items/properties/name",
            "type": "string",
            "title": "The Name Schema",
            "default": "",
            "examples": [
              "Microsoft Windows 10"
            ],
            "pattern": "^(.*)$"
          },
          "has_cpe": {
            "$id": "#/properties/products/items/properties/has_cpe",
            "type": "boolean",
            "title": "The Has_cpe Schema - boolean flag if the Secunia product has CPE information",
            "default": false,
            "examples": [
              true, false
            ]
          },
          "cpes": {
            "$id": "#/properties/products/items/properties/cpes",
            "type": "array",
            "title": "The Cpes Schema - Common Platform Enumeration version 2 information, may be an empty array",
            "items": {
              "$id": "#/properties/products/items/properties/cpes/items",
              "type": "object",
              "title": "The Items Schema",
              "required": [
                "name",
                "modification_date",
                "nvd_id"
              ],
              "properties": {
                "name": {
                  "$id": "#/properties/products/items/properties/cpes/items/properties/name",
                  "type": "string",
                  "title": "The Name Schema",
                  "default": "",
                  "examples": [
                    "cpe:/o:microsoft:windows_10:1703"
                  ],
                  "pattern": "^(.*)$"
                },
                "modification_date": {
                  "$id": "#/properties/products/items/properties/cpes/items/properties/modification_date",
                  "type": "string",
                  "title": "The Modification_date Schema",
                  "default": "",
                  "examples": [
                    "2017-09-18T00:00:00Z"
                  ],
                  "pattern": "^(.*)$"
                },
                "nvd_id": {
                  "$id": "#/properties/products/items/properties/cpes/items/properties/nvd_id",
                  "type": "string",
                  "title": "The Nvd_id Schema",
                  "default": "",
                  "examples": [
                    "342528"
                  ],
                  "pattern": "^(.*)$"
                }
              }
            }
          }
        }
      }
    },
    "vulnerabilities": {
      "$id": "#/properties/vulnerabilities",
      "type": "array",
      "title": "The Vulnerabilities Schema",
      "items": {
        "$id": "#/properties/vulnerabilities/items",
        "type": "object",
        "title": "The Items Schema",
        "required": [
          "title",
          "cve",
          "description",
          "cvss_info",
          "cve_info",
          "products",
          "ordinal"
        ],
        "properties": {
          "title": {
            "$id": "#/properties/vulnerabilities/items/properties/title",
            "type": "string",
            "title": "The Title Schema- usually the CVE number, if exists",
            "default": "",
            "examples": [
              "CVE-2017-0164"
            ],
            "pattern": "^(.*)$"
          },
          "cve": {
            "$id": "#/properties/vulnerabilities/items/properties/cve",
            "type": "string",
            "title": "The Cve Schema - max 1 per vulnerability",
            "default": "",
            "examples": [
              "CVE-2017-0164"
            ],
            "pattern": "^CVE-(\\d{4})-(0\\d{3}|[1-9]\\d{3,10})$"
          },
          "description": {
            "$id": "#/properties/vulnerabilities/items/properties/description",
            "type": "string",
            "title": "The Description Schema - empty",
            "default": "",
            "examples": [
              ""
            ],
            "pattern": "^(.*)$"
          },
          "cvss_info": {
            "$id": "#/properties/vulnerabilities/items/properties/cvss_info",
            "type": "null",
            "title": "The Cvss_info Schema - always empty",
            "default": null,
            "examples": [
              null
            ]
          },
          "cve_info": {
            "$id": "#/properties/vulnerabilities/items/properties/cve_info",
            "type": "object",
            "title": "The Cve_info Schema - information extracted from http://cve.mitre.org/ and another source; might be empty",
            "required": [
              "source",
              "opt_type",
              "cvss_vector",
              "cvss_score",
              "update_flag",
              "cvss3_score",
              "cvss3_vector",
              "opt_name",
              "description",
              "reference",
              "references",
              "disclaimer"
            ],
            "properties": {
              "source": {
                "$id": "#/properties/vulnerabilities/items/properties/cve_info/properties/source",
                "type": "string",
                "title": "The Source Schema",
                "default": "",
                "examples": [
                  "CVE"
                ],
                "pattern": "^(.*)$"
              },
              "opt_type": {
                "$id": "#/properties/vulnerabilities/items/properties/cve_info/properties/opt_type",
                "type": "string",
                "title": "The Opt_type Schema",
                "default": "",
                "examples": [
                  "Candidate"
                ],
                "pattern": "^(.*)$"
              },
              "cvss_vector": {
                "$id": "#/properties/vulnerabilities/items/properties/cve_info/properties/cvss_vector",
                "type": "null",
                "title": "The Cvss_vector Schema",
                "default": null,
                "examples": [
                  null
                ]
              },
              "cvss_score": {
                "$id": "#/properties/vulnerabilities/items/properties/cve_info/properties/cvss_score",
                "type": "null",
                "title": "The Cvss_score Schema",
                "default": null,
                "examples": [
                  null
                ]
              },
              "update_flag": {
                "$id": "#/properties/vulnerabilities/items/properties/cve_info/properties/update_flag",
                "type": "integer",
                "title": "The Update_flag Schema",
                "default": 0,
                "examples": [
                  0
                ]
              },
              "cvss3_score": {
                "$id": "#/properties/vulnerabilities/items/properties/cve_info/properties/cvss3_score",
                "type": "string",
                "title": "The Cvss3_score Schema",
                "default": "",
                "examples": [
                  "4.4"
                ],
                "pattern": "^(.*)$"
              },
              "cvss3_vector": {
                "$id": "#/properties/vulnerabilities/items/properties/cve_info/properties/cvss3_vector",
                "type": "string",
                "title": "The Cvss3_vector Schema",
                "default": "",
                "examples": [
                  "CVSS:3.0/AV:N/AC:H/PR:H/UI:N/S:U/C:N/I:N/A:H"
                ],
                "pattern": "^(.*)$"
              },
              "opt_name": {
                "$id": "#/properties/vulnerabilities/items/properties/cve_info/properties/opt_name",
                "type": "string",
                "title": "The Opt_name Schema",
                "default": "",
                "examples": [
                  "CVE-2017-0164"
                ],
                "pattern": "^(.*)$"
              },
              "description": {
                "$id": "#/properties/vulnerabilities/items/properties/cve_info/properties/description",
                "type": "string",
                "title": "The Description Schema",
                "default": "",
                "examples": [
                  "A denial of service vulnerability exists in Windows 10 1607 and Windows Server 2016 Active Directory when an authenticated attacker sends malicious search queries, aka \"Active Directory Denial of Service Vulnerability.\""
                ],
                "pattern": "^(.*)$"
              },
              "reference": {
                "$id": "#/properties/vulnerabilities/items/properties/cve_info/properties/reference",
                "type": "string",
                "title": "The Reference Schema",
                "default": "",
                "examples": [
                  "2017-0164"
                ],
                "pattern": "^(.*)$"
              },
              "threat_rules": {
                "$id": "#/properties/vulnerabilities/items/properties/cve_info/properties/threat_rules",
                "type": "object",
                "title": "The Threat_rules Schema - will be missing for customers without threat intelligence feature; dictionary with threat code and threat description",
                "default": null,
                "examples": [
                  null, {},  {"linkedToCyberExploit": "Linked to Historical Cyber Exploit"}
                ]
              },
              "threat_score": {
                "$id": "#/properties/vulnerabilities/items/properties/cve_info/properties/threat_score",
                "type": "integer",
                "title": "The Threat_score Schema - will be missing for customers without threat intelligence feature",
                "default": 0,
                "examples": [
                  0, 2
                ]
              },
              "references": {
                "$id": "#/properties/vulnerabilities/items/properties/cve_info/properties/references",
                "type": "array",
                "title": "The References Schema",
                "items": {
                  "$id": "#/properties/vulnerabilities/items/properties/cve_info/properties/references/items",
                  "type": "object",
                  "title": "The Items Schema",
                  "required": [
                    "source",
                    "url"
                  ],
                  "properties": {
                    "source": {
                      "$id": "#/properties/vulnerabilities/items/properties/cve_info/properties/references/items/properties/source",
                      "type": "string",
                      "title": "The Source Schema",
                      "default": "",
                      "examples": [
                        "Other Reference"
                      ],
                      "pattern": "^(.*)$"
                    },
                    "url": {
                      "$id": "#/properties/vulnerabilities/items/properties/cve_info/properties/references/items/properties/url",
                      "type": "string",
                      "title": "The Url Schema",
                      "default": "",
                      "examples": [
                        "https://portal.msrc.microsoft.com/en-US/security-guidance/advisory/CVE-2017-0164"
                      ],
                      "pattern": "^(.*)$"
                    }
                  }
                }
              },
              "disclaimer": {
                "$id": "#/properties/vulnerabilities/items/properties/cve_info/properties/disclaimer",
                "type": "string",
                "title": "The Disclaimer Schema",
                "default": "",
                "examples": [
                  "The text and information for the CVE is written and maintained by CVE MITRE and reflects neither the opinions of Secunia or the results of our research. http://cve.mitre.org/"
                ],
                "pattern": "^(.*)$"
              }
            }
          },
          "products": {
            "$id": "#/properties/vulnerabilities/items/properties/products",
            "type": "array",
            "title": "The Products Schema"
          },
          "ordinal": {
            "$id": "#/properties/vulnerabilities/items/properties/ordinal",
            "type": "integer",
            "title": "The Ordinal Schema",
            "default": 0,
            "examples": [
              1
            ]
          }
        }
      }
    },
    "is_zero_day": {
      "$id": "#/properties/is_zero_day",
      "type": "boolean",
      "title": "The Is_zero_day Schema",
      "default": false,
      "examples": [
        false, true
      ]
    },
    "type": {
      "$id": "#/properties/type",
      "type": "integer",
      "title": "The Type Schema - 0 default advisories, 1 for rejected advisories; will be missing if the customer doesn't have rejected license",
      "default": 0,
      "examples": [
        0, 1
      ]
    },
    "cve_str_list": {
      "$id": "#/properties/cve_str_list",
      "type": "string",
      "title": "The Cve_str_list Schema - space separated list of the CVE numbers in the vulnerabilities; the vulnerabilities have max 1 CVE per vulnerability",
      "default": "",
      "examples": [
        "CVE-2017-0164 CVE-2017-0165 CVE-2017-0182 CVE-2017-0163 CVE-2017-0188 CVE-2013-6629 CVE-2017-0159 CVE-2017-0058 CVE-2017-0185 CVE-2017-0184 CVE-2017-0156 CVE-2017-0183 CVE-2017-0180 CVE-2017-0179 CVE-2017-0162 CVE-2017-0158 CVE-2017-0181 CVE-2017-0192 CVE-2017-0186 CVE-2017-0167 CVE-2017-0178 CVE-2017-0189 CVE-2017-0211 CVE-2017-0166 CVE-2017-0191"
      ],
      "pattern": "^(.*)$"
    },
    "custom_info": {
      "$id": "#/properties/custom_info",
      "type": "object",
      "title": "The Custom_info Schema",
      "required": [
      ],

      "properties": {
        "related_tickets": {
          "$id": "#/properties/custom_info/properties/related_tickets",
          "type": "array",
          "title": "The Related_tickets Schema",
          "items": {
            "$id": "#/properties/custom_info/properties/related_tickets/items",
            "type": "object",
            "title": "The Items Schema",
            "required": [
              "id",
              "pretty_id"
            ],
            "properties": {
              "id": {
                "$id": "#/properties/custom_info/properties/related_tickets/items/properties/id",
                "type": "integer",
                "title": "The Id Schema",
                "default": 0,
                "examples": [
                  37
                ]
              },
              "pretty_id": {
                "$id": "#/properties/custom_info/properties/related_tickets/items/properties/pretty_id",
                "type": "integer",
                "title": "The Pretty_id Schema",
                "default": 0,
                "examples": [
                  37
                ]
              }
            }
          }
        },
        "affected_asset_lists": {
          "$id": "#/properties/custom_info/properties/affected_asset_lists",
          "type": "array",
          "title": "The Affected_asset_lists Schema",
          "items": {
            "$id": "#/properties/custom_info/properties/affected_asset_lists/items",
            "type": "object",
            "title": "The Items Schema",
            "required": [
              "temporal_metrics_vector",
              "advisory_identifier",
              "full_vector",
              "cvss3_vector",
              "environmental_metrics_vector",
              "cvss3_score",
              "asset_list_id",
              "asset_list_name",
              "cvss3_score_overall",
              "overall_score"
            ],
            "properties": {
              "temporal_metrics_vector": {
                "$id": "#/properties/custom_info/properties/affected_asset_lists/items/properties/temporal_metrics_vector",
                "type": "null",
                "title": "The Temporal_metrics_vector Schema",
                "default": null,
                "examples": [
                  null
                ]
              },
              "advisory_identifier": {
                "$id": "#/properties/custom_info/properties/affected_asset_lists/items/properties/advisory_identifier",
                "type": "string",
                "title": "The Advisory_identifier Schema",
                "default": "",
                "examples": [
                  "SA87524"
                ],
                "pattern": "^(.*)$"
              },
              "full_vector": {
                "$id": "#/properties/custom_info/properties/affected_asset_lists/items/properties/full_vector",
                "type": "string",
                "title": "The Full_vector Schema",
                "default": "",
                "examples": [
                  "(None)"
                ],
                "pattern": "^(.*)$"
              },
              "cvss3_vector": {
                "$id": "#/properties/custom_info/properties/affected_asset_lists/items/properties/cvss3_vector",
                "type": "string",
                "title": "The Cvss3_vector Schema",
                "default": "",
                "examples": [
                  "CVSS:3.0/AV:N/AC:L/PR:L/UI:N/S:U/C:H/I:H/A:H/E:U/RL:O/RC:C"
                ],
                "pattern": "^(.*)$"
              },
              "environmental_metrics_vector": {
                "$id": "#/properties/custom_info/properties/affected_asset_lists/items/properties/environmental_metrics_vector",
                "type": "string",
                "title": "The Environmental_metrics_vector Schema",
                "default": "",
                "examples": [
                  ""
                ],
                "pattern": "^(.*)$"
              },
              "cvss3_score": {
                "$id": "#/properties/custom_info/properties/affected_asset_lists/items/properties/cvss3_score",
                "type": "number",
                "title": "The Cvss3_score Schema",
                "default": 0.0,
                "examples": [
                  8.8
                ]
              },
              "asset_list_id": {
                "$id": "#/properties/custom_info/properties/affected_asset_lists/items/properties/asset_list_id",
                "type": "integer",
                "title": "The Asset_list_id Schema",
                "default": 0,
                "examples": [
                  1
                ]
              },
              "asset_list_name": {
                "$id": "#/properties/custom_info/properties/affected_asset_lists/items/properties/asset_list_name",
                "type": "string",
                "title": "The Asset_list_name Schema",
                "default": "",
                "examples": [
                  "microsoft"
                ],
                "pattern": "^(.*)$"
              },
              "cvss3_score_overall": {
                "$id": "#/properties/custom_info/properties/affected_asset_lists/items/properties/cvss3_score_overall",
                "type": "number",
                "title": "The Cvss3_score_overall Schema",
                "default": 0.0,
                "examples": [
                  7.7
                ]
              },
              "overall_score": {
                "$id": "#/properties/custom_info/properties/affected_asset_lists/items/properties/overall_score",
                "type": "integer",
                "title": "The Overall_score Schema",
                "default": 0,
                "examples": [
                  0
                ]
              }
            }
          }
        }
      }
    },
    "threat_score": {
      "$id": "#/properties/threat_score",
      "type": "string",
      "title": "The Threat_score Schema - will be missing if the customer doesn't have threat intelligence license",
      "default": "Not present",
      "examples": [
        "0.0"
      ],
      "pattern": "^(.*)$"
    }
  }
}
